<?xml version="1.0" encoding="utf-8"?>
<extension version="3.1" type="plugin" group="content" method="upgrade">
	<name>plg_content_yoopro</name>
	<author>LadyJ</author>
	<creationDate>March 2017</creationDate>
	<copyright>Copyright (C) 2005 - 2017 Colombo Mariella. All rights reserved.</copyright>
	<license>GNU General Public License version 2 or later; see LICENSE.txt</license>
	<authorEmail>mariella.colombo@ladyj.eu</authorEmail>
	<authorUrl>www.ladyj.eu</authorUrl>
	<version>1.0.0</version>
	<description>Allows use of something like button ReadMore inside YOOTheme Content Builder. Take a look to README.md</description>

	<files>
		<filename plugin="yoopro">yoopro.php</filename>
		<filename>LICENSE</filename>
		<filename>README.md</filename>
	</files>

	<languages>
		<language tag="en-GB">language/en-GB.plg_content_yoopro.ini</language>
		<language tag="en-GB">language/en-GB.plg_content_yoopro.sys.ini</language>
	</languages>

	<media destination="plg_content_yoopro" folder="media">
		<folder>js</folder>
		<folder>css</folder>
	</media>
</extension>
